{
  "mappedPoints": [
    {
      "easting": 586772.809,
      "northing": 6308343.881
    },
    {
      "easting": 595394.852,
      "northing": 6320471.492
    },
    {
      "easting": 610586.454,
      "northing": 6342290.056
    },
    {
      "easting": 687115.915,
      "northing": 6406073.836
    }
  ],
  "flipSum": [
    "141.152306 km",
    "126.252306 km",
    "99.629424 km"
  ],
  "distance": "141.152306 km",
  "legsSum": [
    "14.900000 km",
    "41.522882 km",
    "141.152306 km"
  ],
  "legs": [
    "14.900000 km",
    "26.622882 km",
    "99.629424 km"
  ],
  "mappedZones": [
    {
      "lngZone": 55,
      "latZone": "H"
    }
  ]
}
