{
  "mappedPoints": [
    {
      "easting": 586771.34,
      "northing": 6308344.896
    },
    {
      "easting": 595174.507,
      "northing": 6320623.766
    },
    {
      "easting": 610343.099,
      "northing": 6342029.209
    },
    {
      "easting": 687115.915,
      "northing": 6406073.836
    }
  ],
  "flipSum": [
    "141.153798 km",
    "126.253798 km",
    "99.983627 km"
  ],
  "distance": "141.153798 km",
  "legsSum": [
    "14.900000 km",
    "41.170171 km",
    "141.153798 km"
  ],
  "legs": [
    "14.900000 km",
    "26.270171 km",
    "99.983627 km"
  ],
  "mappedZones": [
    {
      "lngZone": 55,
      "latZone": "H"
    }
  ]
}
