{
  "mappedPoints": [
    {
      "easting": 586750.453,
      "northing": 6308355.725
    },
    {
      "easting": 592041.298,
      "northing": 6322248.018
    },
    {
      "easting": 618913.893,
      "northing": 6392870.839
    },
    {
      "easting": 729512.473,
      "northing": 6454956.765
    }
  ],
  "flipSum": [
    "217.366077 km",
    "202.466077 km",
    "126.727298 km"
  ],
  "distance": "217.366077 km",
  "legsSum": [
    "14.900000 km",
    "90.638779 km",
    "217.366077 km"
  ],
  "legs": [
    "14.900000 km",
    "75.738779 km",
    "126.727298 km"
  ],
  "mappedZones": [
    {
      "lngZone": 55,
      "latZone": "H"
    }
  ]
}
