{
  "mappedPoints": [
    {
      "easting": 586750.787,
      "northing": 6308355.598
    },
    {
      "easting": 592091.429,
      "northing": 6322229
    },
    {
      "easting": 618948.985,
      "northing": 6392911.224
    },
    {
      "easting": 729509.627,
      "northing": 6454961.709
    }
  ],
  "flipSum": [
    "217.366031 km",
    "202.466031 km",
    "126.676855 km"
  ],
  "distance": "217.366031 km",
  "legsSum": [
    "14.900000 km",
    "90.689176 km",
    "217.366031 km"
  ],
  "legs": [
    "14.900000 km",
    "75.789176 km",
    "126.676855 km"
  ],
  "mappedZones": [
    {
      "lngZone": 55,
      "latZone": "H"
    }
  ]
}
